Название,Цена,Ссылка
NT201 Firenze Mat,"
155 000 р/шт
",https://ntbathroom.ru/catalog/vanny-iz-iskusstvennogo-kamnya/8032/
NT201 Firenze,"
124 000 р/шт
",https://ntbathroom.ru/catalog/vanny-iz-iskusstvennogo-kamnya/529/
NT202 Bergamo,"
155 000 р/шт
",https://ntbathroom.ru/catalog/vanny-iz-iskusstvennogo-kamnya/530/
NT203 Palermo,"
186 000 р/шт
",https://ntbathroom.ru/catalog/vanny-iz-iskusstvennogo-kamnya/531/
NT204  Venezia,"
186 000 р/шт
",https://ntbathroom.ru/catalog/vanny-iz-iskusstvennogo-kamnya/532/
NT205 Trieste,"
221 040 р/шт
",https://ntbathroom.ru/catalog/vanny-iz-iskusstvennogo-kamnya/845/
NT205A Trieste,"
201 500 р/шт
",https://ntbathroom.ru/catalog/vanny-iz-iskusstvennogo-kamnya/533/
NT 206 Fiorentina,"
105 400 р/шт
",https://ntbathroom.ru/catalog/vanny-iz-iskusstvennogo-kamnya/710/
NT 303 Amiata,"
232 500 р/шт
",https://ntbathroom.ru/catalog/vanny-iz-iskusstvennogo-kamnya/678/
NT 305 Victori,"
124 000 р/шт
",https://ntbathroom.ru/catalog/vanny-iz-iskusstvennogo-kamnya/680/
NT307 Ciotola,"
158 760 р/шт
",https://ntbathroom.ru/catalog/vanny-iz-iskusstvennogo-kamnya/2267/
NT308 Pulsante,"
232 500 р/шт
",https://ntbathroom.ru/catalog/vanny-iz-iskusstvennogo-kamnya/2269/
NT309 Rettangolo,"
155 000 р/шт
",https://ntbathroom.ru/catalog/vanny-iz-iskusstvennogo-kamnya/2270/
NT311 Genova,"
186 000 р/шт
",https://ntbathroom.ru/catalog/vanny-iz-iskusstvennogo-kamnya/2272/
NT312 1500 Petalo,"
186 000 р/шт
",https://ntbathroom.ru/catalog/vanny-iz-iskusstvennogo-kamnya/2273/
NT312 1700 Germoglio,"
186 000 р/шт
",https://ntbathroom.ru/catalog/vanny-iz-iskusstvennogo-kamnya/2274/
NT222 Lieto,"
201 500 р/шт
",https://ntbathroom.ru/catalog/vanny-iz-iskusstvennogo-kamnya/7723/
NT221 Favoloso,"
201 500 р/шт
",https://ntbathroom.ru/catalog/vanny-iz-iskusstvennogo-kamnya/7722/
NT220 Cielo,"
201 500 р/шт
",https://ntbathroom.ru/catalog/vanny-iz-iskusstvennogo-kamnya/7721/
NT302 Mont Blanc,"
201 500 р/шт
",https://ntbathroom.ru/catalog/vanny-iz-iskusstvennogo-kamnya/7297/
